filename,label
test000.csv,0
test001.csv,0
test002.csv,0
test003.csv,0
test004.csv,0
test005.csv,0
test006.csv,0
test007.csv,0
test008.csv,0
test009.csv,0
test010.csv,0
test011.csv,0
test012.csv,0
test013.csv,0
test014.csv,0
test015.csv,0
test016.csv,0
test017.csv,0
test018.csv,0
test019.csv,0
test020.csv,0
test021.csv,0
test022.csv,0
test023.csv,0
test024.csv,0
test025.csv,0
test026.csv,0
test027.csv,0
test028.csv,0
test029.csv,0
test030.csv,0
test031.csv,0
test032.csv,0
test033.csv,0
test034.csv,0
test035.csv,0
test036.csv,0
test037.csv,0
test038.csv,0
test039.csv,0
test040.csv,0
test041.csv,0
test042.csv,0
test043.csv,0
test044.csv,0
test045.csv,0
test046.csv,0
test047.csv,0
test048.csv,1
test049.csv,1
test050.csv,1
test051.csv,1
test052.csv,1
test053.csv,1
test054.csv,1
test055.csv,1
test056.csv,1
test057.csv,1
test058.csv,1
test059.csv,1
test060.csv,1
test061.csv,1
test062.csv,1
test063.csv,1
test064.csv,1
test065.csv,1
test066.csv,1
test067.csv,1
test068.csv,1
test069.csv,1
test070.csv,1
test071.csv,1
test072.csv,1
test073.csv,1
test074.csv,1
test075.csv,1
test076.csv,1
test077.csv,1
test078.csv,1
test079.csv,1
test080.csv,1
test081.csv,1
test082.csv,1
test083.csv,1
test084.csv,1
test085.csv,1
test086.csv,1
test087.csv,1
test088.csv,1
test089.csv,1
test090.csv,1
test091.csv,1
test092.csv,1
test093.csv,1
test094.csv,1
test095.csv,1
test096.csv,1
test097.csv,1
test098.csv,1
test099.csv,1
test100.csv,1
test101.csv,1
test102.csv,1
test103.csv,1
test104.csv,1
test105.csv,1
test106.csv,1
test107.csv,1
test108.csv,1
test109.csv,1
test110.csv,1
test111.csv,1
test112.csv,1
test113.csv,1
test114.csv,1
test115.csv,1
test116.csv,1
test117.csv,1
test118.csv,1
test119.csv,2
test120.csv,2
test121.csv,2
test122.csv,2
test123.csv,2
test124.csv,2
test125.csv,2
test126.csv,2
test127.csv,2
test128.csv,2
test129.csv,2
test130.csv,2
test131.csv,2
test132.csv,2
test133.csv,2
test134.csv,2
test135.csv,2
test136.csv,2
test137.csv,2
test138.csv,2
test139.csv,2
test140.csv,2
test141.csv,2
test142.csv,2
test143.csv,2
test144.csv,2
test145.csv,2
test146.csv,2
test147.csv,2
test148.csv,2
test149.csv,2
test150.csv,2
test151.csv,2
test152.csv,2
test153.csv,2
test154.csv,2
test155.csv,2
test156.csv,2
test157.csv,2
test158.csv,2
test159.csv,2
test160.csv,2
test161.csv,2
test162.csv,2
test163.csv,2
test164.csv,2
test165.csv,2
test166.csv,2
test167.csv,2
test168.csv,2
test169.csv,2
test170.csv,2
test171.csv,2
test172.csv,2
test173.csv,2
test174.csv,2
test175.csv,2
test176.csv,2
test177.csv,2
test178.csv,2
test179.csv,2
test180.csv,2
test181.csv,3
test182.csv,3
test183.csv,3
test184.csv,3
test185.csv,3
test186.csv,3
test187.csv,3
test188.csv,3
test189.csv,3
test190.csv,3
test191.csv,3
test192.csv,3
test193.csv,3
test194.csv,3
test195.csv,3
test196.csv,3
test197.csv,3
test198.csv,3
test199.csv,3
test200.csv,3
test201.csv,3
test202.csv,3
test203.csv,3
test204.csv,3
test205.csv,3
test206.csv,3
test207.csv,3
test208.csv,3
test209.csv,3
test210.csv,3
test211.csv,3
test212.csv,3
test213.csv,3
test214.csv,3
test215.csv,3
test216.csv,3
test217.csv,3
test218.csv,3
test219.csv,3
test220.csv,3
test221.csv,3
test222.csv,3
test223.csv,3
test224.csv,3
test225.csv,3
test226.csv,3
test227.csv,3
test228.csv,3
test229.csv,3
test230.csv,3
test231.csv,3
test232.csv,3
test233.csv,3
test234.csv,3
test235.csv,3
test236.csv,3
test237.csv,3
test238.csv,3
test239.csv,3
test240.csv,3
test241.csv,3
test242.csv,3
test243.csv,3
test244.csv,3
test245.csv,3
test246.csv,3
test247.csv,3
test248.csv,3
test249.csv,3
test250.csv,3
test251.csv,3
test252.csv,3
test253.csv,3
test254.csv,3
